16786,20698,16437,15779,16246,15972,15752,15957,15765,16011,15710,15833,15601,15867,15660,16023,15688,15850,15684,15889,15900,15692,15874,15643,16178,15635,16054,15599,16058,15709,15986,12149,15736,15744,15713,15715,15708,15653,15608,15645,15691,15655,15705,15686,15655,15643,15660,15637,15623,15678,15711,15648,15642,15737,15700,15745,15699,15761,15734,15697,15715,15778,15711,15699,0,30
16759,17084,16401,15772,16229,15976,15750,15960,15747,15987,15695,15850,15558,15845,15627,16029,15697,15849,15661,15868,15920,15683,15883,15637,16224,15597,16050,15575,16047,15689,15995,12146,15728,15740,15723,15706,15718,15636,15602,15639,15662,15649,15700,15692,15622,15645,15663,15640,15609,15699,15744,15630,15639,15739,15694,15745,15713,15762,15729,15677,15735,15751,15711,15701,0,25
16793,16736,16442,15750,16236,15999,15745,15975,15737,16001,15683,15859,15577,15891,15650,16055,15691,15876,15674,15891,15952,15667,15891,15640,16235,15603,16047,15591,16045,15662,16009,12141,15704,15760,15719,15719,15714,15661,15628,15642,15681,15656,15734,15711,15654,15679,15678,15675,15645,15716,15726,15659,15667,15758,15698,15755,15701,15778,15747,15704,15749,15791,15718,15720,0,195
16756,17035,16420,15735,16213,15962,15721,15943,15708,15971,15661,15858,15556,15850,15602,16028,15658,15839,15636,15900,15892,15642,15864,15605,16210,15568,16041,15543,16023,15622,15970,12142,15696,15727,15696,15686,15679,15647,15596,15621,15662,15639,15703,15685,15631,15642,15644,15663,15616,15683,15731,15639,15625,15715,15684,15734,15686,15753,15733,15677,15730,15749,15712,15692,0,41
16756,17730,16410,15731,16207,15961,15720,15952,15746,15981,15667,15809,15537,15833,15653,16014,15668,15841,15638,15863,15903,15664,15852,15624,16197,15575,16027,15538,16031,15637,15945,12143,15729,15715,15704,15678,15707,15625,15577,15617,15651,15630,15686,15689,15620,15642,15632,15652,15597,15676,15720,15617,15641,15709,15676,15721,15676,15750,15716,15662,15721,15748,15698,15682,0,102
16736,18872,16412,15710,16223,15955,15702,15953,15707,15981,15645,15833,15552,15841,15593,16008,15665,15848,15621,15881,15878,15624,15871,15582,16222,15586,16031,15564,16018,15629,15972,12141,15712,15707,15721,15684,15665,15637,15584,15624,15636,15625,15691,15668,15622,15636,15660,15650,15588,15683,15726,15617,15626,15734,15686,15726,15702,15744,15740,15681,15724,15753,15696,15682,0,24
16718,20436,16423,15691,16215,15958,15681,15932,15666,15967,15632,15825,15510,15841,15598,16000,15635,15829,15608,15877,15866,15610,15842,15581,16200,15531,16016,15488,16019,15624,15954,12145,15718,15697,15712,15689,15694,15635,15574,15649,15634,15637,15693,15704,15616,15648,15635,15647,15612,15687,15730,15624,15648,15718,15684,15715,15691,15743,15727,15671,15731,15743,15703,15685,0,123
16730,22309,16407,15729,16228,15960,15729,15925,15718,15976,15657,15850,15545,15836,15633,16017,15690,15844,15642,15877,15902,15625,15862,15629,16207,15592,16041,15560,16027,15661,15951,12145,15711,15685,15714,15680,15694,15648,15568,15637,15638,15627,15696,15690,15621,15649,15646,15656,15589,15678,15727,15613,15640,15724,15682,15722,15681,15739,15740,15665,15734,15743,15708,15682,0,115
16731,24402,16409,15714,16227,15958,15721,15955,15707,15975,15660,15858,15548,15832,15636,16015,15681,15834,15643,15858,15901,15641,15881,15612,16216,15573,16034,15556,16038,15623,15973,12142,15718,15694,15721,15690,15672,15634,15575,15626,15644,15646,15676,15677,15634,15646,15656,15655,15592,15685,15719,15622,15633,15720,15681,15715,15696,15750,15733,15683,15723,15756,15712,15699,0,6
16742,26364,16392,15726,16217,15973,15713,15938,15694,15965,15653,15843,15531,15836,15584,16016,15676,15822,15626,15864,15898,15631,15860,15614,16213,15558,16020,15557,16027,15615,15955,12139,15707,15705,15708,15685,15691,15627,15577,15622,15655,15639,15691,15701,15624,15634,15650,15643,15592,15697,15737,15620,15635,15703,15691,15714,15683,15747,15735,15661,15725,15750,15706,15686,0,123
16731,27975,16410,15729,16205,15960,15727,15950,15722,15979,15647,15823,15529,15829,15631,16017,15662,15844,15627,15858,15908,15619,15852,15579,16192,15565,16039,15534,16036,15631,15985,12152,15698,15690,15717,15679,15706,15629,15564,15619,15638,15632,15684,15700,15631,15653,15651,15660,15600,15673,15733,15612,15659,15694,15676,15713,15703,15744,15730,15677,15724,15756,15703,15664,0,24
16734,28637,16415,15721,16218,15946,15679,15933,15698,15983,15613,15835,15508,15837,15580,16033,15627,15842,15589,15864,15884,15607,15865,15582,16194,15537,16034,15502,16021,15611,15972,12145,15698,15708,15721,15685,15703,15642,15577,15622,15641,15642,15682,15689,15621,15645,15638,15677,15608,15692,15731,15616,15643,15709,15681,15721,15696,15747,15740,15666,15743,15752,15699,15663,0,115
16757,28617,16415,15731,16245,15966,15723,15954,15723,15986,15662,15859,15549,15875,15621,16009,15669,15850,15659,15887,15930,15651,15893,15594,16214,15583,16041,15535,16054,15648,15966,12146,15716,15725,15726,15688,15687,15630,15604,15627,15662,15638,15695,15681,15643,15669,15668,15653,15625,15685,15734,15626,15652,15735,15692,15734,15690,15765,15728,15683,15726,15758,15708,15694,0,52
16791,27657,16416,15744,16233,15946,15727,15983,15740,16004,15656,15857,15543,15877,15619,16031,15674,15874,15659,15907,15907,15694,15865,15623,16218,15583,16035,15555,16034,15667,15990,12143,15729,15726,15721,15732,15706,15642,15625,15639,15669,15643,15728,15695,15643,15645,15676,15655,15613,15698,15734,15635,15650,15744,15706,15746,15704,15769,15736,15691,15719,15772,15716,15699,0,195
16779,25813,16425,15769,16223,15979,15757,15967,15728,16019,15687,15860,15569,15869,15656,16040,15691,15856,15671,15890,15904,15665,15889,15644,16217,15604,16051,15575,16064,15663,15981,12145,15732,15752,15715,15726,15688,15648,15618,15643,15688,15638,15724,15694,15650,15649,15663,15647,15633,15708,15738,15648,15645,15751,15693,15754,15711,15772,15742,15696,15722,15774,15719,15711,0,130
16777,23301,16428,15733,16229,15988,15719,15963,15726,16000,15663,15849,15542,15842,15623,16028,15681,15852,15642,15897,15933,15642,15894,15598,16209,15564,16037,15542,16032,15656,15959,12154,15718,15744,15703,15712,15695,15648,15620,15644,15668,15640,15716,15703,15631,15644,15683,15654,15620,15694,15730,15630,15636,15725,15707,15764,15695,15780,15724,15694,15734,15780,15696,15710,0,220
16787,20557,16400,15738,16210,15964,15734,15951,15730,16002,15647,15848,15550,15873,15638,16043,15693,15872,15671,15889,15877,15645,15899,15615,16212,15577,16053,15566,16041,15690,15965,12151,15717,15765,15710,15707,15692,15650,15610,15644,15684,15656,15717,15692,15651,15656,15670,15652,15609,15687,15732,15644,15649,15744,15676,15741,15688,15771,15720,15687,15730,15765,15701,15705,0,64
16770,18295,16413,15720,16227,15980,15721,15946,15721,15986,15668,15857,15580,15866,15630,16023,15672,15878,15665,15879,15916,15664,15863,15636,16217,15593,16043,15546,16047,15670,15986,12152,15714,15738,15717,15707,15694,15637,15606,15648,15666,15639,15713,15691,15644,15643,15665,15648,15624,15703,15719,15645,15621,15737,15689,15734,15697,15769,15748,15708,15728,15774,15723,15707,0,44
16792,16999,16409,15733,16227,15980,15731,15964,15720,15986,15667,15852,15558,15861,15625,16034,15669,15860,15662,15880,15925,15669,15890,15629,16202,15602,16037,15557,16043,15676,15970,12141,15711,15743,15725,15719,15695,15633,15608,15643,15667,15654,15707,15701,15620,15668,15683,15669,15629,15685,15737,15639,15652,15734,15684,15741,15709,15763,15754,15689,15743,15760,15723,15706,0,104
16806,16725,16411,15776,16249,15984,15743,15982,15746,15991,15688,15868,15571,15862,15651,16036,15704,15875,15664,15891,15921,15678,15894,15641,16216,15607,16059,15573,16046,15711,15981,12137,15727,15753,15717,15727,15715,15647,15615,15645,15682,15659,15736,15709,15650,15636,15672,15670,15641,15696,15723,15639,15654,15741,15684,15759,15709,15775,15738,15701,15747,15783,15707,15705,0,136
16770,17093,16422,15726,16214,15970,15714,15948,15720,15985,15657,15833,15561,15842,15622,16028,15671,15852,15620,15892,15917,15655,15889,15595,16218,15566,16064,15551,16024,15662,15978,12140,15710,15720,15717,15689,15699,15634,15596,15629,15663,15647,15711,15697,15629,15647,15665,15660,15617,15702,15728,15617,15629,15732,15675,15728,15691,15742,15732,15689,15718,15760,15716,15715,0,128
16740,17853,16411,15738,16218,15945,15711,15940,15721,15978,15684,15841,15535,15851,15626,16027,15669,15837,15616,15871,15907,15651,15855,15601,16212,15581,16014,15532,16051,15658,15971,12143,15717,15708,15701,15674,15687,15639,15593,15630,15647,15646,15695,15691,15634,15640,15647,15669,15584,15687,15729,15615,15647,15721,15688,15740,15692,15741,15719,15662,15735,15755,15708,15676,0,142
16717,18966,16416,15707,16204,15952,15689,15937,15695,15983,15641,15832,15506,15848,15597,16001,15652,15842,15602,15874,15900,15619,15868,15560,16227,15550,16026,15522,16008,15600,15967,12135,15701,15703,15722,15680,15686,15643,15569,15632,15636,15638,15679,15701,15623,15645,15650,15646,15584,15700,15724,15620,15637,15699,15686,15715,15689,15740,15740,15669,15722,15744,15697,15672,0,86
16725,20573,16408,15703,16227,15959,15702,15958,15675,15966,15628,15821,15526,15815,15591,15989,15648,15831,15607,15860,15904,15621,15850,15571,16219,15545,16040,15534,16021,15616,15970,12144,15706,15701,15696,15679,15706,15621,15569,15632,15650,15639,15667,15699,15603,15644,15646,15657,15598,15692,15740,15606,15634,15704,15677,15712,15698,15747,15727,15670,15729,15759,15706,15660,0,74
16730,22456,16385,15708,16227,15942,15715,15960,15727,15992,15672,15833,15541,15849,15604,16005,15672,15836,15635,15859,15926,15607,15866,15610,16210,15557,16030,15551,16047,15620,15981,12144,15699,15705,15718,15689,15691,15640,15581,15633,15642,15631,15681,15689,15624,15649,15649,15644,15586,15679,15718,15616,15644,15708,15680,15710,15693,15733,15734,15661,15719,15735,15701,15681,0,176
16735,24556,16413,15745,16205,15968,15714,15944,15715,15977,15645,15837,15537,15845,15607,16011,15655,15830,15629,15872,15905,15648,15875,15603,16190,15572,16030,15523,16042,15635,15953,12146,15713,15708,15702,15679,15684,15623,15581,15622,15653,15624,15680,15671,15600,15639,15653,15657,15604,15681,15726,15621,15633,15685,15685,15708,15679,15730,15732,15652,15731,15739,15706,15658,0,85
16733,26500,16420,15730,16218,15930,15693,15931,15694,15966,15669,15832,15519,15825,15610,16012,15657,15841,15630,15875,15917,15637,15881,15598,16190,15556,16049,15523,16035,15629,15952,12141,15703,15707,15700,15682,15692,15642,15591,15630,15651,15631,15680,15683,15630,15637,15650,15655,15600,15681,15717,15626,15643,15710,15676,15722,15702,15717,15750,15680,15731,15749,15722,15673,0,232
16727,28096,16416,15719,16239,15937,15718,15949,15711,15977,15676,15846,15521,15829,15597,16012,15656,15834,15646,15859,15895,15639,15860,15623,16194,15579,16035,15522,16037,15632,15957,12147,15712,15712,15710,15677,15693,15628,15583,15643,15638,15621,15669,15688,15610,15652,15647,15651,15607,15682,15717,15614,15633,15704,15683,15751,15689,15761,15736,15677,15736,15745,15710,15676,0,204
16707,28700,16400,15712,16220,15933,15697,15949,15681,15983,15639,15839,15502,15835,15568,16005,15656,15837,15606,15867,15918,15646,15876,15593,16200,15555,16032,15522,16031,15611,15969,12143,15717,15706,15713,15683,15690,15638,15570,15623,15661,15626,15659,15684,15602,15640,15627,15651,15594,15688,15729,15613,15629,15719,15690,15720,15682,15723,15728,15651,15724,15740,15702,15672,0,87
16743,28629,16407,15780,16203,15941,15735,15959,15733,15987,15699,15831,15574,15872,15669,16019,15712,15847,15670,15889,15918,15697,15861,15620,16193,15601,16035,15585,16028,15692,15978,12151,15721,15729,15719,15697,15692,15647,15599,15635,15660,15651,15706,15693,15634,15649,15662,15657,15613,15682,15719,15640,15654,15729,15675,15728,15685,15742,15731,15673,15723,15760,15719,15690,0,131
16758,27614,16414,15752,16240,15946,15717,15955,15717,15989,15664,15848,15537,15856,15608,16024,15673,15850,15642,15882,15920,15636,15880,15625,16213,15547,16049,15536,16048,15621,15987,12149,15704,15739,15709,15712,15700,15650,15606,15643,15664,15631,15713,15677,15637,15647,15660,15648,15624,15681,15725,15649,15628,15739,15685,15745,15698,15761,15742,15690,15720,15761,15708,15705,0,21
16775,25782,16440,15773,16214,15970,15759,15980,15758,16008,15680,15869,15574,15868,15644,16016,15691,15853,15680,15917,15912,15687,15896,15675,16222,15594,16043,15602,16043,15670,15986,12142,15715,15747,15728,15733,15682,15644,15612,15640,15679,15632,15713,15701,15656,15643,15673,15662,15634,15692,15738,15660,15665,15740,15697,15753,15697,15758,15742,15697,15737,15782,15701,15715,0,0
16765,23192,16403,15733,16203,15961,15762,15944,15743,15975,15696,15839,15569,15855,15652,16011,15684,15851,15667,15910,15918,15671,15843,15679,16195,15620,16033,15600,16056,15709,15973,12139,15715,15740,15699,15720,15688,15639,15601,15625,15684,15624,15700,15670,15641,15641,15674,15647,15633,15677,15720,15648,15647,15728,15679,15742,15709,15745,15725,15683,15716,15776,15696,15707,0,234
16774,20439,16414,15741,16208,15976,15755,15968,15747,16003,15700,15876,15593,15857,15638,16024,15702,15840,15659,15897,15891,15698,15866,15659,16214,15613,16050,15601,16054,15690,15953,12146,15712,15728,15713,15716,15694,15638,15600,15634,15670,15639,15721,15699,15635,15652,15667,15667,15634,15682,15730,15630,15630,15740,15678,15750,15701,15755,15727,15707,15748,15774,15693,15695,0,57
16758,18196,16435,15735,16218,15957,15742,15956,15721,15976,15690,15857,15560,15832,15655,16031,15684,15869,15651,15877,15914,15661,15883,15624,16215,15614,16039,15557,16038,15680,15986,12147,15709,15740,15707,15704,15694,15629,15603,15637,15675,15626,15715,15687,15650,15647,15665,15649,15621,15689,15722,15632,15634,15732,15703,15735,15703,15749,15729,15688,15724,15767,15704,15696,0,92
16765,16976,16431,15737,16212,15962,15728,15965,15706,15978,15669,15843,15552,15858,15613,16047,15665,15846,15629,15856,15897,15646,15858,15625,16206,15579,16031,15555,16038,15657,15980,12149,15712,15732,15704,15703,15686,15641,15602,15643,15662,15658,15720,15692,15629,15648,15671,15650,15603,15693,15717,15630,15645,15738,15677,15738,15691,15755,15745,15689,15730,15786,15720,15711,0,207
16782,16743,16429,15779,16221,15954,15725,15968,15740,16002,15666,15859,15587,15861,15646,16024,15692,15848,15685,15907,15913,15661,15901,15636,16221,15620,16060,15576,16058,15697,16017,12143,15700,15734,15720,15731,15694,15632,15618,15646,15685,15643,15727,15695,15664,15651,15671,15659,15628,15690,15736,15648,15645,15735,15701,15753,15711,15774,15733,15698,15732,15762,15728,15716,0,108
16776,17106,16414,15733,16221,15977,15722,15963,15736,15971,15645,15868,15547,15847,15615,16024,15688,15864,15636,15893,15905,15632,15888,15622,16225,15568,16060,15549,16016,15676,15967,12146,15708,15733,15707,15708,15687,15651,15595,15624,15658,15633,15723,15686,15650,15643,15659,15664,15603,15701,15727,15629,15632,15735,15687,15737,15700,15755,15732,15690,15733,15776,15717,15711,0,110
16743,17855,16414,15710,16230,15935,15687,15936,15688,15987,15642,15857,15521,15831,15606,16023,15645,15849,15616,15891,15889,15621,15871,15574,16206,15550,16038,15526,16022,15622,15968,12146,15699,15718,15704,15696,15702,15645,15588,15644,15657,15635,15691,15693,15623,15642,15655,15655,15612,15687,15723,15621,15647,15730,15690,15724,15692,15763,15734,15677,15717,15732,15719,15679,0,83
16747,19012,16434,15715,16233,15938,15711,15943,15720,15982,15626,15824,15526,15857,15592,16012,15640,15848,15619,15855,15889,15633,15857,15583,16225,15566,16031,15528,16043,15594,15978,12145,15721,15703,15715,15678,15691,15647,15579,15649,15637,15637,15689,15692,15616,15639,15637,15649,15600,15683,15724,15616,15635,15700,15673,15714,15699,15725,15726,15660,15725,15749,15713,15680,0,241
16698,20629,16402,15708,16216,15954,15685,15961,15687,15972,15641,15821,15488,15828,15565,16005,15626,15832,15595,15847,15874,15599,15837,15560,16207,15527,16048,15504,16031,15586,15978,12145,15696,15689,15699,15666,15691,15625,15560,15627,15644,15624,15669,15674,15625,15641,15634,15651,15575,15676,15710,15610,15642,15690,15675,15711,15697,15735,15705,15655,15737,15753,15698,15671,0,106
16726,22566,16428,15730,16216,15937,15694,15951,15697,15986,15636,15842,15526,15829,15611,16006,15657,15836,15623,15862,15912,15622,15850,15595,16176,15584,16045,15540,16043,15631,15986,12148,15719,15701,15707,15680,15693,15642,15566,15621,15636,15639,15685,15686,15629,15647,15630,15656,15599,15689,15730,15601,15645,15716,15684,15718,15701,15744,15748,15653,15746,15739,15709,15667,0,224
16756,24637,16410,15714,16216,15962,15707,15941,15689,15990,15668,15854,15542,15835,15597,16023,15651,15832,15634,15863,15942,15640,15882,15591,16219,15568,16038,15529,16026,15625,15982,12144,15717,15727,15705,15698,15705,15644,15579,15646,15646,15650,15700,15684,15635,15651,15653,15673,15617,15689,15729,15624,15652,15726,15696,15738,15714,15765,15756,15680,15738,15748,15716,15687,0,169
16731,26528,16415,15733,16246,15962,15737,15972,15703,15997,15671,15851,15554,15858,15613,16035,15679,15870,15632,15893,15909,15649,15888,15614,16218,15588,16036,15541,16061,15673,16001,12143,15722,15734,15705,15689,15703,15639,15599,15654,15666,15649,15690,15690,15633,15641,15661,15664,15601,15700,15736,15621,15653,15715,15683,15729,15701,15744,15734,15697,15736,15757,15712,15702,0,133
16720,28073,16410,15716,16248,15963,15702,15956,15713,15982,15650,15818,15524,15815,15603,16005,15660,15854,15609,15844,15886,15629,15855,15595,16188,15545,16032,15527,16021,15628,15977,12144,15713,15684,15711,15666,15691,15626,15578,15620,15633,15643,15667,15693,15620,15638,15626,15636,15583,15664,15725,15631,15634,15712,15662,15723,15692,15729,15715,15659,15730,15739,15709,15677,0,255
16736,28648,16421,15700,16223,15952,15709,15952,15699,15983,15634,15849,15523,15847,15590,16021,15636,15831,15619,15852,15883,15610,15876,15561,16211,15538,16036,15526,16021,15616,15968,12146,15709,15704,15712,15683,15693,15637,15576,15619,15661,15639,15687,15697,15626,15642,15650,15661,15596,15692,15728,15630,15633,15714,15685,15726,15696,15744,15730,15671,15713,15758,15721,15674,0,116
16763,28544,16428,15751,16213,15951,15733,15939,15737,15995,15679,15840,15576,15841,15635,16016,15702,15866,15656,15864,15912,15658,15874,15616,16204,15596,16030,15577,16050,15659,15969,12134,15704,15729,15714,15702,15698,15656,15602,15617,15672,15641,15705,15697,15631,15634,15653,15663,15604,15687,15722,15614,15634,15715,15679,15731,15708,15765,15724,15678,15730,15741,15707,15688,0,237
16794,27480,16420,15751,16214,15963,15732,15973,15721,15992,15667,15855,15541,15862,15654,16026,15674,15881,15648,15897,15922,15675,15882,15633,16213,15601,16050,15567,16049,15677,15980,12151,15728,15746,15717,15707,15701,15673,15625,15646,15675,15633,15705,15704,15640,15648,15669,15671,15624,15707,15746,15644,15659,15731,15694,15754,15695,15763,15761,15696,15739,15759,15702,15690,0,138
16786,25555,16431,15770,16232,15984,15746,15976,15743,15987,15705,15856,15580,15879,15653,16044,15696,15887,15675,15923,15902,15711,15878,15655,16218,15620,16044,15621,16039,15686,15970,12148,15731,15751,15711,15726,15687,15659,15611,15641,15676,15655,15723,15699,15650,15649,15669,15666,15642,15693,15732,15632,15657,15731,15674,15730,15698,15768,15735,15694,15717,15777,15705,15707,0,208
16774,23011,16438,15737,16223,15969,15724,15969,15725,16003,15665,15844,15577,15872,15613,16052,15681,15873,15621,15895,15941,15650,15868,15609,16230,15570,16039,15560,16067,15651,15991,12151,15687,15726,15719,15729,15706,15636,15610,15638,15671,15650,15717,15690,15649,15634,15664,15665,15620,15687,15736,15637,15660,15733,15684,15757,15697,15752,15743,15691,15739,15761,15711,15720,0,9
16775,20285,16411,15720,16227,15970,15722,15962,15716,15996,15677,15847,15561,15844,15618,16045,15701,15861,15659,15899,15936,15656,15893,15622,16215,15592,16059,15565,16036,15660,16005,12148,15701,15743,15718,15707,15686,15635,15616,15637,15670,15651,15713,15696,15641,15644,15659,15665,15617,15687,15744,15634,15646,15735,15688,15737,15707,15746,15720,15687,15733,15768,15714,15702,0,83
16751,18134,16422,15761,16212,15966,15751,15949,15729,15991,15657,15845,15539,15840,15645,16024,15687,15868,15671,15867,15891,15660,15878,15643,16203,15579,16067,15544,16022,15664,15961,12152,15703,15744,15714,15710,15703,15643,15583,15622,15663,15643,15712,15704,15642,15645,15675,15674,15610,15690,15735,15624,15624,15732,15682,15750,15706,15763,15737,15693,15730,15792,15721,15694,0,34
16777,17005,16422,15739,16218,15973,15720,15953,15715,15993,15670,15832,15540,15841,15616,16027,15672,15842,15632,15870,15911,15648,15868,15590,16198,15548,16039,15536,16042,15650,15987,12145,15698,15744,15707,15712,15698,15636,15599,15648,15658,15647,15705,15701,15651,15651,15671,15646,15633,15686,15727,15633,15625,15748,15674,15744,15714,15746,15734,15685,15730,15758,15711,15701,0,188
16786,16733,16442,15755,16208,15965,15752,15979,15733,16005,15675,15841,15578,15875,15653,16049,15700,15870,15654,15921,15924,15669,15884,15645,16219,15606,16044,15563,16041,15669,16004,12151,15701,15754,15724,15725,15703,15661,15620,15645,15686,15663,15750,15700,15661,15661,15690,15665,15635,15691,15714,15658,15647,15742,15691,15764,15703,15784,15741,15719,15747,15777,15712,15724,0,76
16750,17084,16437,15745,16216,15960,15742,15957,15722,16002,15667,15839,15580,15844,15634,16024,15680,15862,15646,15904,15912,15656,15874,15636,16217,15623,16046,15583,16061,15675,15989,12149,15706,15726,15726,15707,15697,15650,15590,15634,15663,15626,15702,15680,15639,15662,15667,15655,15629,15697,15724,15621,15641,15712,15702,15731,15703,15765,15735,15698,15736,15756,15714,15695,0,10
16738,17927,16430,15728,16218,15954,15706,15960,15717,15981,15641,15849,15534,15846,15618,16019,15639,15850,15632,15861,15864,15635,15858,15581,16217,15571,16036,15534,16037,15659,15967,12142,15702,15714,15712,15685,15689,15636,15585,15639,15647,15645,15698,15690,15614,15649,15651,15655,15611,15683,15711,15631,15642,15725,15680,15724,15695,15748,15709,15682,15719,15745,15700,15698,0,233
16731,19139,16392,15727,16215,15950,15726,15949,15710,15976,15656,15843,15533,15830,15615,16014,15656,15846,15626,15876,15920,15657,15855,15607,16196,15566,16012,15536,16034,15661,15958,12142,15707,15720,15712,15673,15693,15627,15573,15635,15629,15638,15675,15697,15624,15661,15641,15651,15599,15679,15728,15632,15643,15716,15684,15734,15703,15741,15726,15667,15724,15747,15704,15673,0,49
16715,20749,16401,15736,16239,15925,15712,15942,15698,15981,15660,15806,15526,15817,15603,16010,15676,15827,15614,15890,15890,15614,15861,15574,16198,15546,16044,15514,16023,15614,15973,12138,15719,15683,15705,15666,15683,15637,15573,15631,15631,15641,15688,15698,15612,15641,15643,15643,15599,15686,15722,15619,15620,15712,15671,15717,15690,15736,15738,15657,15733,15748,15716,15675,0,132
16732,22654,16414,15704,16229,15944,15712,15953,15712,15973,15671,15821,15546,15856,15599,16032,15663,15846,15630,15854,15890,15665,15858,15595,16205,15581,16024,15529,16047,15637,15940,12144,15711,15696,15723,15676,15683,15643,15567,15617,15647,15628,15681,15685,15617,15640,15653,15656,15605,15677,15731,15620,15636,15713,15689,15728,15677,15743,15723,15673,15726,15749,15714,15667,0,86
16718,24725,16412,15735,16218,15976,15708,15930,15729,15981,15654,15829,15533,15812,15597,16007,15648,15839,15622,15869,15906,15628,15872,15599,16195,15557,16025,15524,16027,15626,15976,12144,15710,15708,15691,15692,15683,15646,15574,15644,15641,15649,15693,15696,15631,15649,15647,15653,15601,15676,15724,15595,15626,15701,15673,15730,15698,15739,15724,15672,15741,15753,15703,15686,0,242
16733,26620,16408,15719,16232,15954,15689,15958,15717,15974,15656,15857,15541,15848,15600,16015,15665,15841,15641,15876,15910,15634,15855,15609,16193,15557,16035,15547,16043,15633,15964,12153,15698,15719,15709,15685,15701,15651,15585,15636,15635,15650,15686,15688,15622,15640,15649,15670,15602,15681,15731,15601,15640,15713,15685,15733,15687,15745,15721,15675,15739,15739,15719,15679,0,149
16723,28143,16410,15709,16229,15948,15701,15948,15700,15969,15637,15835,15543,15834,15605,16007,15650,15829,15620,15862,15904,15621,15849,15601,16202,15551,16035,15541,16053,15624,15977,12144,15707,15722,15713,15676,15680,15640,15567,15624,15645,15653,15678,15680,15625,15646,15646,15657,15591,15686,15724,15605,15628,15707,15676,15719,15686,15746,15728,15656,15718,15743,15685,15672,0,234
16733,28706,16404,15711,16203,15949,15700,15926,15706,15987,15635,15831,15519,15837,15585,15998,15672,15833,15604,15857,15898,15639,15859,15586,16199,15535,16049,15527,16024,15650,15966,12145,15693,15711,15706,15673,15672,15643,15584,15633,15656,15643,15681,15680,15625,15637,15636,15655,15600,15703,15729,15617,15643,15701,15692,15716,15696,15737,15719,15662,15728,15750,15702,15685,0,70
16774,28558,16401,15737,16235,15973,15750,15958,15765,15977,15685,15844,15590,15853,15649,16021,15706,15854,15665,15857,15897,15702,15869,15675,16191,15605,16036,15607,16045,15682,15991,12141,15717,15735,15728,15699,15694,15641,15613,15629,15664,15634,15705,15690,15644,15643,15662,15666,15604,15683,15732,15633,15646,15719,15678,15733,15703,15755,15727,15681,15722,15764,15709,15700,0,236
16790,27403,16415,15746,16232,15962,15752,15958,15745,16008,15693,15864,15570,15884,15631,16047,15691,15879,15668,15895,15920,15678,15881,15641,16221,15580,16027,15590,16041,15675,15994,12142,15714,15744,15721,15719,15703,15654,15610,15665,15677,15656,15725,15699,15654,15661,15695,15671,15631,15697,15729,15662,15654,15738,15715,15752,15697,15770,15745,15700,15735,15800,15713,15711,0,30
16796,25447,16427,15754,16217,15985,15720,15979,15719,16003,15666,15864,15552,15876,15660,16029,15685,15857,15647,15883,15901,15652,15903,15632,16223,15578,16036,15556,16042,15643,15996,12146,15714,15752,15728,15723,15704,15651,15609,15637,15696,15638,15716,15707,15641,15647,15673,15662,15626,15692,15726,15643,15646,15741,15693,15752,15718,15775,15749,15707,15728,15779,15730,15708,0,120
16804,22850,16421,15756,16222,15981,15744,15965,15736,15988,15687,15861,15564,15871,15640,16025,15704,15875,15673,15897,15937,15678,15882,15660,16230,15583,16021,15592,16032,15668,15981,12147,15709,15737,15721,15714,15689,15655,15609,15639,15678,15634,15726,15703,15653,15651,15676,15669,15627,15703,15711,15643,15641,15739,15692,15755,15708,15771,15750,15694,15727,15790,15721,15701,0,148
16781,20156,16422,15746,16213,15964,15733,15986,15739,16003,15654,15839,15569,15841,15620,16021,15679,15850,15636,15881,15908,15678,15881,15638,16212,15578,16044,15545,16047,15673,15990,12152,15692,15742,15708,15713,15699,15643,15601,15649,15658,15636,15718,15682,15647,15631,15661,15660,15627,15681,15727,15637,15649,15742,15702,15727,15707,15748,15747,15692,15726,15769,15716,15694,0,185
16756,18089,16444,15755,16236,15962,15740,15976,15724,16001,15693,15848,15577,15868,15615,16024,15679,15846,15649,15899,15911,15690,15859,15641,16204,15601,16045,15564,16056,15671,15992,12155,15711,15738,15712,15704,15693,15640,15597,15639,15657,15652,15702,15682,15652,15651,15658,15655,15610,15678,15736,15637,15637,15723,15682,15731,15692,15763,15741,15688,15729,15770,15711,15702,0,228
16783,16944,16420,15741,16234,15968,15735,15953,15742,15978,15658,15852,15557,15851,15623,16037,15699,15857,15660,15906,15915,15674,15872,15631,16220,15585,16053,15568,16036,15652,15972,12144,15718,15716,15723,15710,15686,15652,15609,15632,15659,15625,15704,15676,15652,15653,15658,15656,15624,15685,15732,15635,15661,15725,15690,15750,15688,15752,15723,15679,15727,15768,15722,15702,0,57
16792,16781,16421,15761,16233,15967,15753,15974,15751,15983,15692,15852,15562,15868,15626,16042,15706,15863,15646,15866,15927,15668,15900,15638,16215,15601,16040,15584,16057,15686,15997,12144,15714,15746,15711,15715,15692,15633,15603,15630,15670,15658,15723,15689,15641,15646,15671,15654,15619,15696,15716,15640,15645,15743,15674,15745,15692,15763,15747,15708,15729,15757,15709,15696,0,141
16759,17197,16419,15749,16203,15962,15698,15957,15727,15992,15640,15855,15518,15846,15603,16034,15662,15861,15633,15881,15898,15636,15864,15597,16203,15580,16040,15539,16066,15631,15989,12147,15708,15718,15704,15699,15700,15631,15599,15640,15672,15638,15708,15700,15618,15655,15653,15666,15620,15686,15723,15638,15643,15723,15694,15732,15702,15763,15745,15673,15722,15767,15708,15690,0,138
16737,17945,16423,15732,16227,15940,15703,15946,15723,15989,15659,15850,15543,15853,15624,16009,15659,15844,15625,15875,15889,15648,15879,15623,16209,15585,16038,15558,16041,15635,15966,12148,15711,15705,15704,15677,15691,15628,15574,15622,15647,15644,15688,15688,15626,15652,15637,15663,15612,15693,15723,15621,15647,15705,15696,15725,15693,15729,15746,15676,15729,15750,15724,15678,0,178
16712,19177,16408,15696,16212,15955,15683,15954,15713,15974,15618,15833,15530,15808,15587,16005,15658,15833,15620,15853,15905,15626,15865,15600,16202,15550,16034,15532,16029,15604,15944,12141,15705,15708,15717,15675,15709,15639,15590,15633,15652,15624,15669,15692,15615,15659,15652,15659,15588,15680,15726,15633,15637,15716,15682,15707,15703,15755,15725,15662,15734,15744,15701,15676,0,14
16751,20803,16416,15704,16242,15947,15711,15945,15692,15969,15651,15825,15522,15830,15583,16010,15659,15831,15624,15855,15892,15621,15861,15594,16218,15557,16035,15530,16019,15603,15950,12137,15715,15693,15710,15687,15676,15636,15559,15615,15651,15640,15682,15690,15615,15638,15632,15654,15586,15678,15707,15627,15633,15705,15663,15721,15695,15730,15704,15675,15735,15735,15701,15677,0,201
16740,22757,16417,15714,16234,15969,15707,15945,15701,15974,15658,15824,15530,15832,15571,16003,15648,15831,15607,15865,15907,15623,15866,15584,16182,15569,16019,15513,16001,15630,15970,12148,15711,15698,15717,15689,15681,15651,15579,15621,15634,15637,15691,15685,15637,15639,15648,15645,15599,15682,15728,15615,15635,15714,15678,15719,15694,15757,15726,15682,15713,15759,15709,15665,0,155
16725,24878,16419,15715,16218,15946,15707,15944,15684,15960,15642,15833,15523,15836,15568,16019,15666,15843,15621,15854,15935,15614,15871,15599,16196,15535,16030,15529,16034,15634,15961,12140,15711,15712,15708,15679,15682,15617,15594,15627,15653,15642,15680,15683,15607,15647,15631,15657,15591,15679,15731,15614,15625,15709,15671,15720,15686,15738,15728,15664,15716,15748,15705,15684,0,203
16744,26773,16401,15743,16210,15963,15711,15956,15697,15976,15649,15837,15534,15829,15587,16023,15657,15825,15636,15878,15905,15615,15888,15595,16203,15568,16016,15532,16044,15644,15960,12137,15717,15719,15709,15700,15689,15623,15577,15628,15649,15647,15695,15690,15616,15649,15650,15646,15623,15696,15731,15631,15639,15724,15679,15737,15688,15732,15731,15664,15729,15745,15705,15683,0,151
16730,28222,16408,15693,16210,15930,15686,15943,15705,15978,15656,15828,15525,15838,15596,16018,15637,15832,15602,15868,15919,15617,15877,15593,16189,15549,16007,15538,16022,15622,15973,12139,15709,15711,15705,15676,15684,15628,15577,15627,15635,15639,15680,15682,15611,15641,15650,15659,15610,15677,15715,15617,15635,15690,15675,15718,15694,15732,15733,15678,15733,15739,15701,15678,0,194
16731,28733,16408,15731,16227,15960,15718,15973,15732,15978,15657,15848,15560,15878,15604,16022,15655,15866,15620,15871,15915,15640,15892,15624,16205,15567,16043,15562,16050,15666,15960,12143,15728,15718,15711,15686,15708,15635,15600,15632,15655,15650,15709,15701,15626,15645,15658,15659,15604,15697,15717,15620,15645,15726,15694,15743,15709,15757,15738,15684,15738,15763,15733,15690,0,16
16767,28519,16417,15745,16232,15986,15742,15955,15741,16004,15687,15842,15558,15875,15645,16022,15708,15872,15674,15863,15940,15691,15869,15645,16243,15606,16047,15576,16046,15692,15985,12148,15714,15727,15714,15699,15716,15654,15607,15648,15685,15661,15703,15704,15649,15664,15673,15669,15652,15708,15746,15647,15653,15737,15695,15737,15709,15755,15746,15706,15738,15764,15709,15712,0,96
16762,27341,16419,15730,16223,15972,15730,15970,15729,16000,15676,15857,15550,15849,15613,16022,15664,15869,15626,15890,15924,15669,15889,15625,16212,15592,16047,15543,16061,15659,15998,12145,15710,15751,15703,15707,15688,15654,15616,15642,15684,15653,15724,15690,15647,15655,15669,15670,15633,15694,15719,15640,15657,15760,15682,15761,15694,15770,15737,15685,15755,15771,15702,15688,0,137
16776,25373,16410,15754,16235,15956,15738,15976,15750,15997,15699,15856,15546,15841,15641,16021,15680,15861,15668,15903,15911,15676,15906,15662,16211,15601,16031,15582,16052,15687,15994,12155,15713,15744,15719,15721,15694,15640,15596,15632,15680,15645,15716,15699,15651,15640,15686,15660,15621,15697,15722,15633,15635,15740,15683,15746,15685,15756,15738,15686,15731,15772,15709,15683,0,13
16780,22800,16427,15742,16206,15979,15739,15970,15748,16002,15685,15861,15574,15879,15639,16025,15682,15860,15663,15895,15931,15668,15879,15629,16237,15604,16057,15560,16052,15680,15985,12147,15724,15756,15718,15721,15702,15649,15615,15636,15685,15645,15712,15689,15651,15650,15690,15666,15630,15702,15749,15634,15658,15737,15693,15740,15704,15762,15742,15690,15738,15767,15703,15704,0,242
16775,20057,16424,15723,16214,15969,15710,15950,15710,16000,15664,15847,15545,15862,15608,16039,15669,15857,15639,15880,15922,15635,15885,15618,16220,15566,16053,15554,16045,15655,15978,12143,15702,15736,15729,15694,15703,15638,15613,15629,15671,15634,15722,15704,15635,15639,15675,15643,15614,15686,15718,15636,15647,15730,15687,15724,15709,15777,15748,15687,15745,15781,15718,15702,0,159
16768,18017,16416,15761,16244,15956,15733,15964,15730,15985,15709,15848,15555,15862,15638,16028,15675,15874,15634,15900,15917,15658,15883,15617,16203,15578,16060,15561,16030,15673,15972,12135,15719,15738,15721,15710,15704,15652,15609,15633,15660,15644,15720,15699,15642,15654,15668,15670,15613,15692,15738,15627,15632,15729,15686,15753,15709,15755,15735,15677,15731,15757,15717,15697,0,185
16750,16903,16430,15750,16234,15960,15740,15939,15745,15999,15666,15840,15555,15860,15624,16030,15676,15852,15634,15887,15910,15663,15883,15628,16207,15594,16059,15578,16045,15672,15978,12139,15726,15730,15720,15707,15693,15641,15596,15651,15677,15656,15703,15696,15628,15636,15659,15660,15620,15691,15739,15636,15622,15745,15696,15731,15705,15752,15745,15685,15724,15760,15701,15696,0,59
16803,16779,16424,15767,16239,15965,15731,15968,15740,15984,15672,15874,15559,15863,15645,16053,15680,15884,15664,15915,15913,15676,15873,15657,16209,15603,16037,15578,16035,15670,16003,12148,15705,15736,15715,15734,15707,15632,15609,15641,15672,15662,15724,15698,15657,15646,15672,15673,15639,15697,15726,15636,15640,15753,15690,15740,15715,15763,15746,15706,15714,15774,15704,15714,0,25
16755,17156,16397,15749,16213,15952,15722,15946,15736,16008,15667,15839,15544,15854,15645,16034,15683,15848,15651,15893,15919,15651,15862,15611,16212,15602,16046,15542,16036,15649,15987,12141,15703,15709,15714,15704,15695,15652,15604,15635,15682,15639,15694,15700,15616,15626,15652,15650,15607,15691,15715,15627,15647,15727,15690,15717,15723,15726,15732,15676,15731,15766,15718,15703,0,25
16756,17949,16399,15736,16188,15953,15717,15956,15704,15984,15666,15813,15539,15825,15600,16017,15630,15846,15618,15868,15901,15634,15891,15613,16188,15557,16043,15523,16047,15651,15987,12149,15696,15722,15696,15691,15688,15641,15585,15619,15642,15630,15689,15698,15615,15661,15633,15647,15590,15671,15724,15620,15644,15703,15688,15735,15688,15749,15753,15663,15725,15757,15715,15679,0,186
16731,19228,16404,15714,16216,15945,15710,15932,15711,15960,15655,15816,15543,15852,15599,16008,15667,15829,15646,15877,15902,15620,15856,15604,16199,15571,16031,15564,16031,15632,15973,12133,15699,15707,15709,15677,15690,15638,15576,15628,15648,15624,15679,15690,15614,15654,15645,15654,15591,15686,15725,15608,15637,15703,15678,15719,15701,15737,15735,15674,15716,15775,15705,15699,0,91
16700,20862,16426,15707,16221,15946,15669,15939,15668,15984,15634,15818,15497,15799,15575,15998,15632,15839,15599,15859,15873,15599,15856,15565,16211,15525,16034,15496,16038,15573,15967,12133,15706,15703,15714,15668,15690,15627,15579,15639,15632,15627,15674,15698,15614,15619,15647,15642,15599,15687,15717,15619,15650,15718,15681,15718,15668,15745,15727,15658,15718,15736,15705,15672,0,101
16737,22810,16404,15702,16189,15951,15691,15957,15690,15976,15646,15839,15535,15814,15587,16008,15641,15840,15605,15871,15910,15609,15885,15613,16193,15523,16021,15530,16029,15622,15972,12139,15700,15711,15715,15681,15694,15631,15567,15647,15637,15635,15686,15694,15605,15646,15630,15644,15604,15687,15719,15596,15638,15700,15698,15713,15716,15766,15728,15668,15718,15753,15706,15672,0,203
16740,24886,16421,15732,16223,15964,15690,15954,15683,15985,15646,15830,15520,15838,15606,16027,15674,15841,15619,15860,15883,15629,15881,15599,16215,15564,16043,15537,16029,15645,15952,12143,15708,15716,15715,15676,15711,15630,15583,15637,15649,15634,15694,15700,15614,15649,15638,15652,15612,15684,15743,15619,15638,15719,15687,15706,15690,15728,15716,15671,15730,15755,15715,15686,0,40
16737,26752,16416,15710,16202,15952,15705,15954,15684,15979,15647,15850,15528,15820,15601,16020,15652,15843,15613,15852,15903,15617,15861,15591,16211,15558,16028,15526,16026,15606,15969,12146,15697,15717,15716,15690,15699,15632,15587,15639,15659,15623,15694,15693,15616,15639,15649,15643,15617,15684,15733,15607,15668,15715,15689,15719,15703,15732,15730,15695,15729,15747,15702,15677,0,20
16721,28219,16418,15710,16219,15938,15703,15927,15706,15974,15652,15838,15522,15832,15577,16010,15653,15850,15625,15861,15914,15598,15886,15586,16203,15567,16031,15523,16029,15634,15960,12146,15700,15683,15723,15668,15691,15628,15578,15619,15620,15638,15674,15683,15605,15647,15635,15658,15574,15676,15716,15613,15652,15709,15685,15729,15677,15733,15723,15666,15737,15746,15714,15673,0,23
16755,28709,16412,15724,16220,15948,15706,15956,15694,15980,15642,15840,15534,15859,15569,16003,15658,15828,15630,15888,15902,15623,15873,15586,16207,15559,16046,15526,16031,15642,15977,12147,15693,15709,15721,15694,15696,15638,15584,15634,15638,15658,15707,15680,15622,15645,15661,15655,15600,15691,15713,15620,15638,15710,15688,15730,15708,15735,15716,15688,15733,15743,15710,15680,0,113
16748,28470,16417,15724,16196,15960,15722,15951,15707,15986,15678,15828,15554,15844,15630,16015,15681,15853,15641,15879,15900,15656,15881,15598,16203,15578,16052,15566,16039,15631,15973,12143,15706,15722,15717,15699,15680,15637,15589,15637,15652,15629,15706,15678,15632,15649,15664,15666,15604,15680,15719,15635,15631,15705,15693,15728,15707,15765,15719,15669,15730,15751,15705,15688,0,254
16779,27274,16404,15761,16246,15968,15740,15959,15732,15973,15672,15852,15556,15874,15634,16036,15696,15851,15649,15901,15901,15661,15906,15634,16216,15603,16056,15579,16061,15669,15982,12152,15719,15741,15717,15702,15703,15640,15615,15637,15691,15653,15727,15709,15661,15656,15680,15661,15642,15698,15720,15636,15643,15754,15693,15740,15711,15769,15745,15673,15741,15781,15705,15714,0,29
16781,25267,16425,15762,16220,15970,15744,15958,15723,15992,15672,15865,15561,15854,15629,16011,15715,15846,15682,15904,15918,15674,15882,15634,16205,15613,16044,15579,16039,15675,15962,12135,15712,15756,15714,15709,15677,15645,15602,15638,15688,15647,15706,15689,15658,15647,15660,15645,15617,15694,15727,15647,15636,15726,15668,15735,15699,15760,15731,15690,15730,15765,15709,15699,0,152
16778,22665,16415,15749,16231,15955,15750,15975,15746,15997,15695,15846,15559,15873,15661,16020,15688,15881,15663,15892,15918,15671,15885,15640,16215,15599,16035,15584,16038,15673,15996,12139,15716,15750,15717,15718,15692,15635,15608,15648,15665,15636,15712,15701,15654,15648,15666,15655,15623,15692,15721,15644,15633,15744,15705,15754,15695,15773,15736,15696,15730,15769,15720,15708,0,185
16763,19993,16413,15742,16246,15988,15734,15961,15707,15997,15681,15844,15547,15854,15627,16043,15688,15862,15661,15892,15917,15656,15879,15613,16231,15572,16037,15558,16037,15636,15989,12144,15711,15743,15724,15695,15712,15651,15597,15632,15673,15646,15719,15699,15642,15655,15683,15663,15628,15690,15730,15637,15646,15734,15684,15748,15699,15778,15736,15690,15739,15766,15723,15696,0,180
16759,17927,16423,15726,16236,15965,15725,15986,15702,15972,15677,15829,15560,15849,15623,16033,15663,15861,15632,15893,15913,15666,15886,15607,16191,15579,16048,15537,16017,15663,15986,12137,15714,15729,15715,15725,15702,15633,15606,15632,15666,15629,15706,15688,15628,15647,15670,15667,15600,15687,15724,15641,15639,15732,15688,15764,15701,15767,15741,15691,15731,15760,15709,15698,0,214
16775,16879,16418,15725,16228,15960,15718,15949,15730,15989,15691,15842,15534,15870,15644,16036,15687,15849,15641,15895,15917,15673,15877,15629,16196,15602,16049,15561,16044,15673,15990,12143,15722,15747,15721,15710,15681,15651,15604,15651,15681,15634,15718,15702,15629,15643,15659,15660,15618,15690,15732,15644,15627,15742,15670,15745,15696,15758,15725,15695,15749,15762,15710,15699,0,211
16793,16809,16419,15770,16239,15988,15744,15964,15746,16009,15687,15853,15569,15879,15647,16043,15702,15863,15659,15915,15938,15680,15897,15665,16225,15607,16061,15565,16043,15681,15993,12141,15726,15746,15718,15710,15712,15641,15629,15654,15673,15634,15721,15695,15647,15659,15666,15663,15629,15700,15725,15649,15643,15753,15683,15760,15710,15754,15744,15687,15739,15776,15717,15718,0,170
16760,17224,16408,15738,16212,15968,15698,15951,15715,15987,15661,15845,15514,15843,15601,16009,15646,15827,15621,15870,15910,15615,15874,15603,16206,15559,16048,15512,16043,15626,15999,12143,15712,15731,15710,15705,15677,15629,15592,15627,15659,15627,15696,15693,15620,15645,15643,15658,15611,15681,15733,15624,15645,15725,15688,15733,15695,15770,15737,15682,15732,15767,15692,15680,0,95
16740,18051,16398,15717,16232,15940,15698,15951,15728,15989,15673,15832,15529,15837,15640,16029,15673,15851,15652,15876,15906,15652,15881,15625,16197,15564,16032,15548,16019,15663,15987,12135,15697,15707,15713,15689,15693,15638,15589,15624,15663,15638,15685,15690,15618,15646,15632,15667,15599,15689,15708,15627,15627,15698,15675,15716,15692,15748,15738,15680,15725,15736,15713,15687,0,219
16742,19270,16410,15703,16214,15954,15705,15940,15709,15992,15651,15844,15523,15837,15611,16002,15656,15828,15628,15853,15864,15610,15887,15596,16195,15549,16048,15522,16027,15638,15963,12143,15717,15698,15707,15673,15698,15640,15561,15637,15645,15634,15674,15697,15610,15634,15651,15652,15604,15679,15718,15613,15630,15707,15689,15710,15692,15753,15729,15663,15731,15756,15706,15686,0,11
16720,20979,16389,15714,16220,15944,15682,15941,15687,15978,15624,15837,15508,15819,15583,15994,15647,15838,15601,15879,15892,15608,15868,15557,16187,15537,16045,15533,16029,15592,15983,12145,15709,15705,15712,15683,15692,15628,15579,15621,15634,15641,15668,15692,15613,15647,15643,15657,15591,15696,15734,15620,15649,15718,15682,15725,15699,15731,15736,15672,15730,15726,15717,15668,0,68
16736,22920,16394,15707,16230,15950,15713,15948,15705,15979,15648,15843,15528,15848,15610,15991,15658,15838,15619,15871,15888,15614,15875,15578,16232,15571,16038,15540,15997,15631,15968,12145,15700,15688,15701,15671,15697,15618,15578,15633,15644,15643,15667,15682,15627,15645,15646,15654,15598,15695,15719,15619,15647,15713,15701,15725,15696,15743,15724,15667,15711,15742,15705,15673,0,239
16742,24969,16394,15720,16198,15956,15719,15950,15696,15972,15648,15856,15515,15835,15600,16008,15662,15866,15625,15868,15921,15630,15853,15592,16204,15562,16029,15542,16026,15646,15980,12139,15706,15705,15710,15696,15690,15620,15571,15623,15650,15644,15677,15690,15618,15643,15636,15653,15601,15699,15727,15602,15637,15715,15677,15734,15694,15739,15741,15669,15739,15742,15706,15685,0,6
16733,26862,16396,15711,16220,15958,15735,15953,15687,15980,15643,15818,15516,15848,15616,16023,15653,15841,15628,15870,15900,15629,15876,15574,16213,15576,16051,15525,16022,15622,15967,12149,15695,15706,15710,15696,15695,15637,15587,15635,15649,15648,15699,15687,15628,15636,15638,15654,15596,15680,15735,15619,15633,15717,15681,15714,15700,15750,15733,15670,15722,15754,15708,15695,0,229
16718,28268,16397,15708,16222,15947,15687,15932,15686,15977,15622,15831,15503,15835,15583,15999,15654,15834,15621,15866,15888,15609,15861,15568,16193,15539,16027,15519,16020,15628,15942,12148,15699,15698,15708,15675,15679,15645,15579,15634,15634,15624,15681,15682,15618,15634,15632,15652,15577,15691,15726,15602,15633,15703,15688,15731,15701,15743,15729,15676,15742,15763,15701,15678,0,106
16729,28702,16398,15704,16213,15969,15731,15946,15708,15973,15663,15849,15523,15854,15617,16023,15671,15841,15635,15891,15909,15617,15862,15591,16203,15565,16032,15537,16025,15671,15980,12141,15703,15716,15710,15686,15687,15642,15600,15642,15641,15646,15701,15690,15638,15657,15655,15662,15606,15690,15727,15634,15638,15707,15685,15727,15680,15761,15743,15673,15746,15749,15705,15685,0,150
16779,28386,16404,15714,16243,15961,15703,15953,15724,15978,15642,15840,15546,15862,15617,16022,15679,15860,15631,15862,15899,15644,15852,15581,16206,15582,16020,15543,16033,15635,15962,12154,15700,15709,15709,15704,15708,15637,15597,15623,15687,15637,15691,15696,15640,15632,15642,15651,15619,15701,15727,15638,15647,15726,15686,15746,15705,15758,15733,15682,15717,15761,15728,15706,0,231
16768,27176,16422,15746,16215,15979,15733,15959,15730,15997,15674,15852,15557,15862,15633,16032,15684,15866,15660,15909,15910,15675,15862,15651,16214,15583,16066,15578,16053,15689,15981,12146,15707,15725,15709,15717,15693,15636,15611,15635,15673,15646,15726,15714,15652,15643,15662,15658,15621,15686,15740,15649,15651,15746,15686,15738,15690,15774,15727,15689,15729,15773,15727,15707,0,45
16773,25138,16407,15752,16232,15975,15735,15966,15694,16022,15679,15858,15572,15869,15629,16046,15694,15871,15640,15887,15914,15667,15902,15626,16224,15595,16033,15559,16041,15678,16000,12147,15711,15748,15716,15730,15701,15641,15616,15655,15693,15630,15734,15704,15639,15652,15670,15656,15639,15687,15727,15650,15639,15746,15682,15738,15697,15774,15753,15690,15745,15774,15713,15714,0,204
16778,22511,16419,15756,16237,15975,15733,15960,15730,15983,15661,15861,15552,15856,15636,16033,15685,15876,15655,15880,15895,15667,15867,15623,16219,15603,16037,15594,16055,15658,15998,12134,15718,15737,15716,15713,15702,15642,15620,15647,15674,15648,15720,15694,15635,15653,15667,15648,15621,15697,15735,15620,15667,15730,15694,15725,15709,15751,15725,15693,15719,15779,15719,15702,0,50
16771,19840,16391,15745,16235,15959,15719,15983,15721,15999,15663,15851,15543,15852,15621,16035,15657,15863,15640,15863,15908,15640,15863,15609,16207,15588,16041,15562,16043,15654,15974,12149,15710,15756,15731,15708,15686,15643,15605,15643,15670,15643,15700,15702,15641,15660,15670,15656,15630,15690,15732,15634,15644,15734,15683,15737,15710,15772,15736,15695,15743,15776,15717,15710,0,32
16757,17883,16427,15737,16224,15958,15731,15966,15728,16002,15691,15844,15548,15850,15638,16024,15691,15839,15648,15881,15934,15656,15864,15626,16212,15595,16033,15566,16045,15649,15973,12145,15722,15720,15710,15699,15691,15635,15603,15625,15662,15646,15711,15699,15658,15653,15675,15662,15613,15689,15726,15641,15656,15732,15696,15755,15692,15766,15730,15688,15715,15772,15711,15711,0,173
16760,16849,16420,15752,16228,15960,15733,15971,15725,15982,15679,15823,15538,15858,15617,16033,15667,15882,15638,15882,15902,15669,15885,15635,16217,15606,16039,15544,16040,15674,15989,12154,15715,15735,15709,15712,15683,15633,15603,15633,15656,15627,15702,15698,15644,15645,15673,15663,15616,15692,15722,15635,15644,15742,15682,15750,15707,15754,15735,15686,15738,15766,15707,15715,0,87
16778,16809,16414,15749,16213,15971,15740,15969,15719,16019,15660,15866,15547,15883,15640,16048,15671,15871,15655,15897,15926,15680,15875,15632,16202,15594,16024,15570,16035,15656,15985,12150,15710,15744,15711,15723,15701,15643,15623,15644,15687,15639,15720,15698,15636,15658,15667,15667,15620,15694,15731,15647,15634,15719,15688,15753,15685,15764,15766,15697,15741,15772,15697,15704,0,86
16764,17217,16415,15745,16232,15965,15729,15960,15727,15999,15670,15845,15551,15874,15612,16008,15680,15833,15646,15878,15908,15633,15878,15610,16208,15580,16025,15553,16047,15648,15982,12140,15708,15724,15719,15690,15696,15649,15583,15625,15651,15640,15701,15691,15637,15650,15656,15656,15611,15697,15722,15621,15632,15738,15697,15729,15694,15766,15738,15687,15742,15778,15711,15724,0,150
16742,18048,16421,15707,16211,15974,15705,15947,15704,15974,15642,15839,15514,15834,15599,16015,15648,15852,15610,15867,15903,15624,15876,15566,16200,15530,16021,15513,16017,15615,15962,12138,15699,15689,15694,15687,15673,15642,15576,15632,15656,15633,15691,15681,15627,15642,15638,15652,15586,15682,15718,15622,15642,15734,15668,15717,15692,15765,15726,15667,15717,15747,15726,15695,0,245
16726,19325,16418,15687,16211,15964,15710,15947,15690,15966,15632,15824,15511,15846,15600,16021,15640,15832,15612,15856,15911,15608,15865,15590,16189,15554,16010,15502,16056,15636,15952,12147,15707,15714,15707,15672,15688,15634,15575,15625,15634,15638,15674,15680,15612,15634,15643,15650,15589,15680,15714,15603,15623,15710,15696,15711,15697,15734,15721,15667,15712,15737,15699,15671,0,159
16720,21037,16418,15729,16225,15940,15716,15933,15724,15954,15661,15838,15544,15840,15595,16006,15652,15849,15627,15867,15882,15627,15870,15612,16202,15566,16022,15547,16044,15642,15961,12142,15720,15711,15720,15681,15670,15631,15577,15617,15645,15632,15680,15692,15622,15637,15645,15656,15592,15679,15733,15631,15624,15715,15689,15724,15709,15734,15739,15693,15723,15736,15704,15670,0,72
16733,22987,16411,15707,16247,15944,15692,15950,15707,15986,15653,15836,15506,15830,15612,16001,15634,15829,15617,15856,15905,15623,15878,15586,16217,15569,16034,15533,16020,15597,15969,12144,15712,15702,15702,15685,15691,15639,15584,15627,15652,15637,15675,15698,15626,15648,15646,15632,15595,15685,15712,15613,15655,15732,15699,15721,15687,15750,15726,15679,15745,15754,15719,15673,0,81
16738,25065,16411,15733,16208,15960,15703,15934,15700,15977,15632,15823,15537,15853,15624,16014,15649,15835,15627,15871,15907,15630,15860,15585,16206,15560,16034,15534,16022,15607,15980,12140,15706,15707,15718,15681,15693,15638,15578,15622,15645,15633,15684,15705,15632,15663,15655,15669,15592,15692,15729,15611,15633,15724,15685,15719,15689,15750,15737,15669,15739,15754,15711,15686,0,146
16742,26895,16404,15710,16219,15971,15704,15941,15708,15965,15654,15845,15546,15835,15615,16028,15644,15834,15619,15883,15899,15633,15882,15624,16193,15570,16036,15544,16024,15651,15969,12143,15699,15722,15709,15675,15687,15648,15585,15626,15649,15630,15711,15677,15642,15648,15649,15650,15606,15685,15703,15614,15632,15713,15670,15722,15700,15744,15742,15685,15712,15752,15715,15683,0,134
16728,28295,16410,15694,16221,15926,15687,15941,15706,15966,15629,15825,15539,15852,15591,16002,15633,15825,15616,15860,15892,15599,15852,15596,16192,15541,16025,15504,16040,15635,15945,12141,15706,15692,15701,15672,15688,15638,15567,15624,15642,15632,15665,15687,15613,15643,15625,15657,15595,15687,15715,15615,15644,15702,15674,15720,15693,15739,15717,15664,15721,15741,15698,15679,0,46
16737,28677,16422,15718,16195,15953,15703,15952,15688,15980,15648,15852,15516,15845,15590,16017,15653,15843,15615,15874,15928,15625,15864,15613,16198,15543,16019,15526,16060,15647,15960,12144,15704,15712,15712,15683,15682,15634,15606,15635,15662,15640,15698,15694,15621,15651,15650,15662,15599,15696,15713,15626,15643,15694,15685,15723,15691,15761,15735,15674,15715,15750,15695,15695,0,73
16762,28370,16400,15733,16223,15948,15728,15960,15715,15992,15684,15854,15543,15849,15602,16016,15703,15865,15645,15876,15911,15649,15850,15610,16198,15583,16032,15580,16050,15670,15970,12140,15724,15711,15719,15711,15691,15651,15588,15627,15668,15627,15696,15694,15637,15648,15647,15655,15606,15690,15735,15621,15648,15716,15679,15718,15699,15745,15722,15688,15717,15751,15689,15701,0,144
16774,27086,16400,15769,16229,15963,15757,15962,15778,15998,15715,15851,15583,15883,15640,16035,15707,15865,15661,15867,15908,15701,15883,15651,16208,15599,16051,15599,16058,15684,15981,12139,15724,15748,15715,15704,15699,15649,15610,15638,15699,15648,15713,15688,15651,15654,15675,15665,15626,15704,15730,15643,15638,15738,15694,15762,15716,15771,15748,15703,15739,15774,15720,15699,0,244
16800,24991,16406,15786,16229,15971,15748,15973,15734,16004,15666,15856,15559,15869,15634,16041,15710,15885,15659,15891,15931,15667,15876,15639,16220,15611,16044,15577,16050,15666,15981,12144,15715,15748,15715,15712,15681,15647,15622,15632,15672,15643,15719,15681,15641,15659,15669,15666,15624,15702,15720,15654,15647,15734,15711,15759,15715,15759,15734,15685,15728,15775,15714,15717,0,28
16770,22346,16402,15748,16226,15977,15745,15964,15723,15996,15691,15857,15573,15869,15641,16039,15672,15852,15656,15896,15931,15678,15879,15633,16204,15609,16043,15573,16050,15681,15985,12145,15711,15728,15708,15714,15711,15624,15604,15634,15677,15635,15714,15690,15636,15654,15672,15647,15622,15683,15737,15637,15650,15731,15668,15741,15692,15768,15744,15684,15738,15762,15704,15702,0,251
16782,19686,16410,15784,16223,15969,15739,15950,15752,15977,15703,15848,15587,15848,15655,16036,15688,15873,15669,15888,15901,15681,15882,15657,16203,15623,16060,15570,16047,15688,16010,12137,15739,15744,15703,15715,15713,15645,15601,15648,15666,15644,15713,15697,15637,15643,15660,15657,15629,15685,15720,15637,15656,15731,15682,15745,15702,15780,15726,15690,15734,15762,15724,15690,0,31
16764,17751,16433,15748,16233,15973,15739,15962,15735,15997,15661,15849,15551,15846,15614,16037,15690,15860,15633,15863,15911,15647,15861,15613,16213,15581,16055,15580,16027,15664,16003,12144,15716,15734,15710,15714,15705,15638,15617,15643,15675,15650,15713,15693,15628,15648,15668,15668,15632,15693,15725,15639,15647,15722,15685,15728,15681,15766,15731,15691,15724,15753,15720,15693,0,35
16748,16852,16423,15742,16229,15957,15726,15957,15736,15999,15656,15842,15556,15844,15630,16029,15689,15863,15651,15887,15898,15664,15902,15626,16217,15617,16048,15552,16047,15677,15973,12142,15714,15736,15713,15707,15691,15644,15611,15624,15650,15651,15718,15715,15634,15673,15669,15657,15641,15698,15708,15612,15650,15726,15687,15748,15696,15766,15739,15695,15733,15767,15737,15697,0,90
16787,16814,16412,15773,16230,15972,15737,15960,15726,16010,15685,15847,15559,15876,15623,16036,15683,15866,15649,15909,15900,15676,15886,15623,16224,15616,16034,15568,16070,15670,15990,12136,15719,15761,15707,15714,15691,15644,15614,15643,15678,15642,15728,15697,15646,15671,15674,15667,15628,15703,15707,15640,15633,15743,15702,15751,15704,15765,15743,15699,15744,15755,15726,15734,0,125
16753,17231,16417,15741,16228,15963,15721,15957,15720,15989,15637,15827,15546,15850,15612,16026,15671,15849,15616,15882,15915,15637,15881,15600,16207,15584,16034,15528,16030,15642,15964,12145,15721,15726,15713,15708,15699,15648,15606,15653,15642,15657,15715,15682,15633,15657,15664,15656,15615,15694,15733,15639,15635,15735,15689,15744,15699,15769,15730,15677,15735,15756,15712,15690,0,97
16743,18124,16405,15751,16214,15954,15713,15958,15739,15978,15672,15826,15550,15841,15615,16021,15684,15848,15648,15874,15916,15668,15886,15629,16220,15588,16037,15546,16041,15678,15973,12133,15717,15701,15716,15693,15705,15644,15588,15645,15655,15642,15688,15694,15626,15653,15646,15654,15607,15692,15712,15609,15639,15711,15697,15720,15695,15757,15739,15673,15733,15756,15709,15685,0,204
16708,19452,16420,15709,16199,15955,15716,15935,15706,15961,15638,15824,15539,15808,15620,15995,15647,15849,15626,15857,15929,15635,15890,15563,16197,15575,16028,15558,16036,15649,15971,12142,15712,15714,15715,15674,15696,15646,15585,15627,15646,15622,15685,15693,15615,15649,15649,15644,15591,15673,15721,15629,15640,15714,15679,15726,15693,15748,15718,15662,15718,15746,15719,15674,0,54
16698,21116,16412,15704,16228,15957,15704,15942,15708,15974,15652,15825,15513,15849,15578,16012,15645,15833,15615,15876,15907,15610,15867,15595,16170,15555,16027,15560,16002,15611,15955,12146,15707,15709,15706,15675,15680,15617,15574,15625,15641,15634,15687,15694,15614,15636,15629,15653,15591,15681,15704,15604,15636,15715,15652,15709,15688,15742,15745,15669,15728,15734,15703,15684,0,145
